tempo,beat_count,rms_mean,rms_std,spectral_flux_mean,spectral_flux_std,mfcc_0_mean,mfcc_0_std,mfcc_0_delta,mfcc_1_mean,mfcc_1_std,mfcc_1_delta,mfcc_2_mean,mfcc_2_std,mfcc_2_delta,mfcc_3_mean,mfcc_3_std,mfcc_3_delta,mfcc_4_mean,mfcc_4_std,mfcc_4_delta,mfcc_5_mean,mfcc_5_std,mfcc_5_delta,mfcc_6_mean,mfcc_6_std,mfcc_6_delta,mfcc_7_mean,mfcc_7_std,mfcc_7_delta,mfcc_8_mean,mfcc_8_std,mfcc_8_delta,mfcc_9_mean,mfcc_9_std,mfcc_9_delta,mfcc_10_mean,mfcc_10_std,mfcc_10_delta,mfcc_11_mean,mfcc_11_std,mfcc_11_delta,mfcc_12_mean,mfcc_12_std,mfcc_12_delta,chroma_0,chroma_1,chroma_2,chroma_3,chroma_4,chroma_5,chroma_6,chroma_7,chroma_8,chroma_9,chroma_10,chroma_11,track_id
161.4990234375,79,0.21856576,0.091034055,1.2890037,1.301786,11.791181,84.038284,0.35309812,31.553902,35.869343,-0.023095433,-17.229237,16.864176,0.0068366034,1.425004,17.131342,0.013002295,-10.999611,12.872311,-0.011739771,2.5840201,11.255633,0.005512022,-5.9782996,11.946215,-0.005116092,5.551493,7.7421227,0.0074225115,-6.795831,12.109017,-0.00086119224,4.509368,7.7077136,-0.0022927674,-4.153529,12.543807,0.011378307,0.38703707,9.738353,0.01719426,-2.4855998,6.8367577,-0.0020392453,0.5255417,0.49977392,0.57886386,0.55922794,0.69261384,0.7523744,0.6653246,0.6243499,0.55940294,0.5594657,0.63351077,0.49068382,3vqRYeWGfQli1HlRKgsrSA
99.38401442307692,43,0.28689775,0.07546305,2.0010645,2.6598492,-50.560608,89.40527,0.4000382,33.816364,26.588396,0.011281455,8.582838,30.973658,0.024031162,35.651608,15.603748,0.03391396,19.82925,14.310899,0.02091138,32.6402,13.81972,0.026149584,14.562149,8.774352,0.010935405,14.541982,11.980512,0.012080868,7.70797,9.624251,0.0041811634,7.9076047,8.837615,0.007976495,0.6765999,6.4104834,0.001980697,5.4503365,6.9757934,0.0045050234,1.8431045,7.760306,0.003968129,0.7165166,0.7403448,0.77845806,0.9300758,0.8764693,0.59306407,0.5221386,0.7360557,0.8447708,0.7727082,0.80918455,0.96170235,0g1UEsa2bqif2D0hlmxUfI
161.4990234375,52,0.31458652,0.13865367,1.6205803,2.566855,-49.048244,117.06443,0.4248491,55.534782,30.738144,0.041453842,-11.836111,57.08145,-0.0077483794,12.515558,29.734089,0.0023542056,4.2239504,19.434452,0.0005605213,12.451244,16.400862,0.003675745,8.282258,13.628775,0.0054383217,7.661961,14.688773,0.0067337793,2.2899432,13.507598,0.007379326,-0.11763818,12.791362,0.001620716,2.016498,9.426041,-0.00083118974,5.7612624,7.1954675,0.0026135878,7.011989,7.123314,-0.0027658453,0.49956897,0.48044547,0.5559122,0.48970702,0.7434775,0.6276975,0.47695884,0.6644611,0.8420688,0.7706892,0.49274287,0.46863058,7dLFPSD8NW1duFyR8bUEfe
161.4990234375,65,0.47479606,0.114797086,3.0203328,4.377313,-34.314037,106.59893,0.3772514,97.13856,28.168415,0.060298577,21.249268,23.464325,0.022530025,28.149315,13.460202,0.027360748,15.711497,9.542818,0.009383467,20.181725,7.5109644,0.019521324,6.0252604,4.627073,0.0005225869,14.047668,4.907494,0.009588825,2.8559465,4.9684567,0.0017911574,10.370991,4.709981,0.0069671017,2.9693885,4.318056,-0.0007806228,5.890332,4.6155286,0.0012139757,0.20217508,4.1110077,-0.0015661789,0.68661284,0.63540864,0.67068243,0.642455,0.8132054,0.9278895,0.8820524,0.860364,0.56037104,0.6370417,0.57609385,0.5891097,3LgA6sFAEZ30TqeTWmGDlV
151.99908088235293,71,0.3405244,0.19000417,1.8182831,2.2956955,1.6106751,103.65883,0.52107567,59.50068,27.143997,0.045955513,-5.8254433,24.234312,0.00015667717,9.907727,14.103085,0.02354832,4.9319367,15.31319,0.013985528,8.661042,16.494081,0.022025518,-0.08281734,11.745517,0.011182069,4.5918775,10.850954,0.01863911,-3.5102675,10.048501,0.0027719622,1.580921,9.092029,0.004334244,-5.2765107,11.337124,-0.0001162656,-0.42534003,9.56486,-0.0006882015,-8.193946,9.231016,0.0015795282,0.66392034,0.5781046,0.7852896,0.4917201,0.67610073,0.5009118,0.44157073,0.47645763,0.5512947,0.5954974,0.6763267,0.74122,5UIaQPueRUkruyTHlMpJ1k
161.4990234375,81,0.38737717,0.027904458,2.0677412,2.698201,-39.785,53.477985,0.047754407,51.401436,27.840614,-0.05068986,33.867634,19.979816,0.060290787,29.358553,14.141681,0.025766544,20.471283,9.997036,0.010451148,28.840153,9.853271,0.023162086,11.500312,10.086504,0.026722811,16.126024,6.660971,0.018520514,6.581118,6.034302,0.004136598,12.454902,5.351253,0.006449675,3.2386954,4.406891,0.0030209585,8.955353,4.4390697,0.008557135,2.519221,4.6652536,0.01045914,0.6135865,0.6902019,0.5374253,0.7480151,0.9472697,0.8746863,0.6539531,0.8937964,0.9445182,0.688397,0.46800193,0.46161228,3GzkcXSKpe34kAjkFCxo1z
161.4990234375,79,0.44205374,0.2005508,2.3043046,3.2283056,-57.631027,88.658516,0.1172004,64.837524,57.398186,0.051679675,8.072872,33.578754,0.10238522,42.464443,20.099066,0.050604757,6.1543183,17.008083,0.011579234,6.861513,19.865973,0.027066821,12.565467,11.943024,0.020619744,9.453765,13.481296,0.029084109,0.4917408,11.232699,-0.00452773,6.705329,9.9199915,0.011881428,0.055149894,10.716702,0.035156142,9.848589,9.352732,-0.0037671821,1.5562605,9.502504,0.009658074,0.6990393,0.8688827,0.6743829,0.63484305,0.66930634,0.7031887,0.6630415,0.80916405,0.6705761,0.52487963,0.47479045,0.46753553,1us1kcmAd3FUPJuMtEA57G
143.5546875,72,0.32210955,0.08206594,1.5730278,1.8723191,-56.239902,53.634975,-0.03455267,105.17551,34.946503,0.022827603,14.568937,22.256878,0.023193656,32.09529,10.31307,-0.002229131,15.046873,8.033227,0.02035932,23.499815,9.01921,0.00843369,6.617837,6.372006,-0.0008976084,10.706747,5.826161,0.0077103823,0.93696976,6.524272,-0.0013513705,6.600976,5.5356226,0.003918122,4.5183554,3.976907,-0.0017679885,8.176696,5.145947,0.005356738,2.899095,5.4032755,0.01313318,0.28670278,0.40355098,0.6386587,0.4920575,0.36608168,0.3351759,0.40989873,0.9738707,0.82207733,0.5159287,0.44789237,0.32222706,04GyfkxwKrbaa9qrZTu3Pa
123.046875,57,0.14923826,0.078165725,1.2564496,0.8702869,-75.98902,72.558914,0.17947862,99.163284,34.448727,0.16101873,-28.579256,31.139435,0.013956947,7.522895,16.298876,0.025148002,-2.4820917,12.773029,0.01614458,6.81251,14.733205,0.021632781,-6.4056044,11.951062,0.01999258,2.0289955,13.30315,0.016254159,-3.9630797,9.622677,0.014578925,-1.9071704,7.536741,0.005641879,-7.3869514,9.278657,-0.007883949,-5.9255757,7.6817827,-0.0036361588,-4.5234284,7.0536923,0.0056796665,0.5511963,0.573456,0.60972023,0.6547925,0.5170182,0.5717745,0.672711,0.643271,0.7990913,0.7021203,0.64364076,0.68126893,3IGStl3M5BrxGyD01kZJ7Q
151.99908088235293,70,0.416892,0.044599127,1.7536236,2.333022,-67.09047,46.642128,0.100239865,60.020523,19.022785,0.0072650304,39.46701,17.791784,0.05574358,34.524937,9.401129,0.0032953492,23.745192,8.624534,0.02291854,21.226828,9.255207,0.025784088,7.236832,6.228351,0.013462196,15.399275,5.173938,0.010425893,9.027118,7.3418818,0.02032989,12.616675,7.3038726,0.020943634,3.7996573,4.843017,0.0039484673,7.884065,4.9278097,0.008068065,0.6113272,7.574748,0.021113997,0.72051716,0.7017386,0.6656942,0.6887051,0.6885145,0.8480334,0.98962903,0.98145646,0.92459637,0.6330251,0.92373353,0.7555063,2pmk8xGNKwmKrmQBK9Vwgf
161.4990234375,69,0.23023278,0.109251045,1.3938476,1.6295182,-55.658287,56.647865,-0.018667487,87.52416,36.49203,0.01719274,7.0461555,15.451586,-0.015237861,18.81606,8.61488,0.007186187,3.5097332,7.6135764,0.0021810923,16.128384,7.25978,-0.0022834772,4.0515966,6.8802676,-0.005443057,12.332571,6.482323,-0.0010032816,0.00581015,6.728634,0.0021046146,6.4914126,7.84507,0.0017136686,0.11251926,7.3319707,-0.0047843787,5.5238447,7.3712564,-0.006246511,-0.11088105,6.9247723,-0.0034802011,0.3486498,0.21667074,0.2278945,0.30893016,0.28565028,0.8617197,0.32556307,0.265723,0.24791056,0.2540108,0.23888884,0.20564015,0PItAl4HEXoEfK5NMRCAQW
143.5546875,62,0.3628815,0.24010187,2.3818016,4.050322,-119.63054,106.98133,-0.102200136,152.61432,47.943195,-0.031195195,7.846743,22.038378,0.06844237,18.016819,13.570046,0.018848443,15.562652,11.134866,0.017306505,7.212546,11.786441,0.0072231092,3.356174,9.286363,0.012419696,11.133038,7.7090087,0.0062415283,4.8221316,7.0467377,0.014890256,1.5707246,9.589876,-0.0017532321,-0.7791968,7.3243365,0.0059234565,4.8301272,5.8295407,0.0099823605,-1.9582351,5.9985113,0.012074522,0.58013463,0.64188796,0.6381591,0.52935517,0.6002023,0.86641467,0.68142545,0.893928,0.8937839,0.68105793,0.60480565,0.64266264,443M0kCEyrSg4V7R5mtq8X
143.5546875,42,0.42716947,0.041849744,1.8072083,2.475805,-94.63449,61.94526,-0.110057876,141.1279,20.853853,0.03320067,-15.52676,11.4083,0.020579657,43.000366,5.5412364,0.021277554,6.364834,8.313107,0.040169768,25.335323,4.5320516,0.016935948,8.8017235,8.2135105,0.008316559,14.88472,4.2102857,0.007423508,9.080995,5.950093,0.019354394,11.408091,4.8671603,0.011261309,6.164109,4.2255287,0.0035162016,11.628701,4.573621,0.009009793,6.225632,8.516089,0.026865354,0.3992153,0.38257793,0.55666226,0.375103,0.6999909,0.9998395,0.8830313,0.75303316,0.74212706,0.5840199,0.4075804,0.44438195,4YGzPQSuENk8V14hs3W9xH
143.5546875,71,0.3611119,0.0984815,2.1471314,2.8060055,-87.3335,51.843254,0.16121511,125.47776,23.184364,0.016028656,1.7838076,16.779154,-0.016930686,37.40926,12.839928,-0.0063103256,17.786602,11.211733,-0.0025107225,16.681166,7.1362567,0.03140472,7.6041822,7.0103774,-0.0023027684,8.068533,6.143242,0.0009053182,5.813894,4.7012696,0.0036243836,9.893269,4.8717685,0.011361359,6.460301,5.1381392,0.011923682,5.6643157,5.0262237,0.0073506883,3.8761172,4.8721786,0.0103213815,0.4592851,0.525373,0.44256392,0.57160306,0.9181851,0.90101063,0.7854114,0.7030124,0.8349222,0.96498007,0.75256884,0.986435,40PpSTWl0OfDoue15x21OH
143.5546875,39,0.3034604,0.24642044,1.7713361,2.5902574,-203.2653,104.113335,0.19613166,92.360054,35.947506,0.09953269,42.34417,31.339584,0.06689322,39.751686,12.603713,0.039600544,16.160685,12.962694,0.022885956,14.210339,10.009371,0.018750658,11.817748,10.187422,0.019576363,12.574031,7.9696317,0.011583526,4.9243975,8.866304,0.012533458,11.540191,6.5811925,0.011600226,4.2675924,6.624307,0.0013672918,4.310752,7.9753036,0.0105674565,2.2912457,5.73743,0.013241492,0.27275842,0.23408523,0.27113616,0.44710204,0.5851093,0.35594353,0.36330843,0.6496752,0.54043114,0.33369035,0.3068882,0.29209793,51xCJIB6whswDNw6tdbF97
161.4990234375,82,0.13938533,0.06091918,1.300219,0.9499543,-118.2486,74.75593,0.32288662,88.63754,27.532509,0.07569905,0.7965742,24.86541,-0.038547486,19.882332,21.131596,0.00088948436,-16.17935,16.289415,-0.01599171,0.29998422,17.355446,-0.035578884,-5.681986,13.947164,0.00024004323,-14.749783,14.724422,0.026366547,-19.328865,14.932278,-0.01589838,-12.3523655,13.808844,-0.01109695,-15.860964,11.339856,-0.009825735,-4.609644,9.112137,-0.009974769,-9.388126,10.076645,-0.0040244,0.26462862,0.39148372,0.58665204,0.311743,0.34299645,0.36103883,0.23240508,0.32607883,0.31875595,0.5542025,0.42578778,0.2916513,1EDnEdNHoNOhaTDBEowLDH
161.4990234375,78,0.22295901,0.13702822,1.5727932,1.5719514,-5.2245717,48.76651,-0.06431145,55.120598,25.243187,-0.0017502286,-7.0793858,25.937056,-0.010514311,4.188067,17.25059,-0.006062704,-5.416856,12.936562,-0.012169975,-10.513641,14.556197,-0.0055398867,-7.734203,11.218858,-0.011640796,-6.2054477,11.014074,-0.007691146,-12.623308,11.033903,-0.014993256,-9.064701,10.376777,-0.014651963,-9.998174,9.150191,-0.018356811,-2.4563248,8.506761,-0.010595692,-8.021159,7.7206907,-0.0074062836,0.51244044,0.4478189,0.5013997,0.61235094,0.49058896,0.6117821,0.5801459,0.6847352,0.91485757,0.56630456,0.51287794,0.45832366,5QfJ0FdXn72ljBhKr3VyKA
151.99908088235293,49,0.34959728,0.13215187,1.4418238,1.2155868,15.426548,39.019188,0.019751295,50.63247,20.409588,-0.013049149,2.4861765,16.69947,0.0022186856,26.3748,10.744103,-0.00065880513,12.603092,8.980942,0.017330766,20.933998,10.266373,0.014134581,2.3536694,9.2449045,0.016164277,8.562459,8.461878,0.013275952,-0.10767924,7.662798,0.015930574,5.3167243,7.699177,0.007309707,-2.0494015,8.143121,0.008871769,2.3582933,7.9174604,0.009688294,-4.3697386,7.467864,0.016675305,0.8131546,0.7661753,0.83404833,0.7483671,0.69771075,0.7916019,0.71217567,0.687681,0.90369684,0.861803,0.7581158,0.87827253,6bs1myCEARQoI7oOLxqHkp
151.99908088235293,44,0.13881873,0.14354889,1.2444555,1.102544,-151.10083,138.97083,0.27135104,92.39296,50.36435,0.03218431,5.5388956,23.477993,0.01905196,8.218778,16.62091,0.0126941465,-15.227851,16.957466,0.012466741,-7.4966063,17.226803,0.012212504,-10.501452,12.962798,0.005652053,-7.3025694,13.989354,0.010480683,-9.637654,10.218083,0.0027695603,-3.7740884,9.289844,0.010353222,-8.190085,8.432819,0.01091102,-4.0165095,7.905637,0.012277371,-7.4176564,7.4701896,0.0049331305,0.31164214,0.2638012,0.5292907,0.37229723,0.31211272,0.42990065,0.32690796,0.7584758,0.41479954,0.5348252,0.91927016,0.44250837,145D2Gzn5X1ScHZywCmWqM
151.99908088235293,77,0.307352,0.20607391,1.7624851,2.8161204,-129.22473,109.71699,0.14622529,108.40716,44.020683,0.06582806,-2.565329,31.021852,0.03938148,24.15106,22.506191,0.013290181,-2.2689989,14.459019,0.011091361,13.945817,13.218784,0.0074491575,19.019878,21.830767,0.016952945,8.0432625,11.78729,0.0096461065,1.766277,10.127498,-0.020512305,14.290956,10.24005,0.003573472,13.789902,10.655322,0.009146984,14.703895,9.38086,0.003911189,0.8671631,6.2034497,0.004943233,0.4667478,0.5027525,0.58471775,0.57844,0.78908604,0.48490697,0.35894418,0.368151,0.41945952,0.31636548,0.29893145,0.39947107,5w2PBowfXDbOpzLpLrB3kt
151.99908088235293,75,0.50021356,0.22126439,1.7956792,2.3881764,-93.790596,82.52842,0.19628954,117.96302,57.30507,-0.08521281,14.628389,40.388878,0.059085563,33.675095,13.874364,-0.0010817752,11.840092,14.399766,0.019613156,13.2544775,14.563613,0.021012712,5.184902,10.444903,-0.004497216,5.152506,13.330231,0.0126952855,-0.46126288,10.418774,0.01735772,2.535642,11.088157,0.020709611,1.0297939,7.9981313,0.0023137308,5.9252877,7.2640023,0.010585542,4.147635,5.9870753,0.007603302,0.5467699,0.6939392,0.53773975,0.5491223,0.8168987,0.6298883,0.7303552,0.6332136,0.4582486,0.6149235,0.47593445,0.518484,1ZDc7YpLxJeDn4Dumsx095
161.4990234375,76,0.1781287,0.15639776,1.7437569,2.2566178,-94.57401,76.11126,-0.05450957,91.03816,35.461266,-0.0059700604,-10.64117,26.574364,0.057067074,-2.92707,23.491535,0.049222946,-14.689856,16.116571,0.024531208,11.674637,13.255969,0.0109308725,-5.849408,11.760474,0.029732337,-1.0970924,12.892783,0.007849406,-13.86532,11.260331,0.015174338,-3.4624503,9.76952,0.008590444,-7.432125,8.670687,0.010810302,-3.0697057,7.010223,0.0049389107,-6.847,7.299506,-0.0049857236,0.47618017,0.47930062,0.5214256,0.612441,0.64611053,0.66626424,0.571872,0.7008566,0.7579954,0.50575626,0.5542917,0.52925146,52tyA5PDC5veclwTVmvEEx
161.4990234375,78,0.5107903,0.07605111,1.9520409,2.8320537,10.373555,56.8717,-0.042682853,51.991432,16.571981,0.0063903057,15.392668,14.969399,-0.009250474,38.262394,12.231982,0.011631093,9.162421,6.3925505,0.0017348418,24.889437,7.8210263,0.003180334,12.01049,7.6337433,-0.0019985796,18.842997,4.391937,-0.008058507,11.889785,6.5696855,-0.003954519,12.376737,4.622508,0.00014500869,4.2068686,4.317544,0.0029809934,9.369676,3.798129,0.010194224,1.2823858,5.2247863,0.023240086,0.43982908,0.57398367,0.59441364,0.4898885,0.6772605,0.628842,0.59634686,0.6666094,0.71838486,0.64276224,0.7503971,0.95764905,1SatljanBAyeiljzNXnyxz
161.4990234375,80,0.15300833,0.047420874,1.2389752,0.9612217,-27.39602,43.887318,0.03325882,47.235023,20.73433,-0.036887445,-0.67411196,19.352633,0.011963986,0.7637674,16.208275,-0.005538914,-6.907606,12.986203,-0.013375949,6.922182,14.053024,0.0036869794,1.7522396,12.138638,-0.0028626395,9.366658,10.618618,-0.013299347,-5.49396,9.448138,-0.010424618,5.4099493,9.0374155,-0.010515627,-4.0263157,7.6938977,0.0017455473,4.5347543,6.015133,0.0026350594,-5.3776245,7.3728137,0.0004633307,0.337541,0.5015958,0.41163287,0.4215018,0.46009547,0.4550841,0.77364826,0.5434338,0.48071945,0.40179735,0.34269223,0.34027663,6NOMfX95ei3MYvs7pIbUzL
99.38401442307692,50,0.26183483,0.06447758,2.1449666,2.9779167,-118.62068,75.233635,0.3855399,45.164536,31.220364,0.05561773,26.364944,25.77834,-0.016085476,41.983116,14.444697,0.038540818,25.211664,8.593271,0.015157589,36.78214,8.396112,0.02862123,17.96705,6.5909023,0.014533123,23.295921,5.6135354,0.015240681,10.083024,6.239522,-0.0009751888,11.227353,6.3367167,-0.0014636716,6.2142467,4.7095237,-0.0017189042,7.4255204,5.63857,0.002392982,5.056086,6.7460475,-0.0023976734,0.64372754,0.4095816,0.478978,0.36427665,0.39164853,0.4632368,0.5367587,0.89418477,0.97253156,0.45442182,0.6455895,0.6644869,3jHJXEhWhdHrkuFeSwhE0Z
103.359375,51,0.41602597,0.13377361,1.2385205,1.0085752,43.45478,51.42764,-0.020863114,67.2116,34.072205,-0.05995906,-3.8526902,21.025028,0.038328655,18.597486,10.439979,-0.0053146807,5.0373325,10.251444,-0.019544605,13.986716,8.137969,0.004304987,-0.6793305,9.651872,-0.009253269,11.978344,7.872542,-0.0037075654,2.6406307,7.8705153,0.005275803,7.7975335,7.1158423,-0.0009178805,3.3437996,6.814337,-0.0046137907,6.486285,5.6150885,-0.0004978844,-3.5994434,6.0000095,-0.009962443,0.6595546,0.6475988,0.8796471,0.7492161,0.8028734,0.7199115,0.6831219,0.6933576,0.77058995,0.7967157,0.73016804,0.5789472,3f6LpfaDNDy7gtYZFHg5Km
80.74951171875,40,0.30748424,0.060806066,0.9940922,0.6248401,-29.360025,67.82059,-0.033405386,123.54896,31.299122,-0.00034435024,-14.477699,21.223839,-0.009841937,33.427414,10.621439,-0.00062257954,0.72798705,11.073655,0.006581981,16.869783,8.96754,0.0036044992,6.5210166,10.86122,-0.003427617,10.4914465,7.398138,0.0026027656,-0.503931,6.1559525,-0.010350542,8.816918,9.177498,-0.008497824,7.5219817,7.157123,0.0011698307,11.66453,7.4799576,0.0069146547,1.379492,7.756366,-0.0058145784,0.3339917,0.37220472,0.37658218,0.41262424,0.31250837,0.3832678,0.77468884,0.46683392,0.39232472,0.35165077,0.39009452,0.8504132,2UkJVFIbRG9FyqHG4E3Dje
161.4990234375,49,0.20112227,0.06234401,1.057793,0.48565176,-69.73222,61.667927,0.0024116829,143.2013,40.248287,-0.025405752,-51.06847,23.421425,-0.028069321,23.045082,11.531508,0.0038730027,-0.5774995,11.748093,-0.034830686,12.067724,10.062934,-0.006213896,0.9688012,9.4282055,-0.01361288,2.8453374,10.8010645,-0.0068439487,-3.6304429,9.265586,0.004651206,-0.31001607,9.243088,0.001263617,-6.125052,8.823736,-0.0076904576,-2.2795281,8.748858,-0.007799406,-4.7746663,7.3159566,-0.009012562,0.38753358,0.3897043,0.38351807,0.4849247,0.4622543,0.42566073,0.39353892,0.4354,0.6601241,0.54986197,0.6385511,0.44013742,08KQZbwrjvdXQrnzv9gxG6
161.4990234375,65,0.23215017,0.22625574,1.7865981,2.6741033,-139.58209,156.64925,0.30752802,53.32299,43.663242,0.059077684,8.567255,28.743736,-0.060773216,16.344292,24.622185,-0.016869435,3.8853533,17.641506,-0.023684543,10.288128,20.963154,-0.0118943,2.20531,11.23161,-0.02955478,4.614127,11.044085,-0.017875373,-1.1278948,11.583186,-0.015130762,7.237495,7.155105,-0.009119157,-0.9459897,6.6411834,-0.018131843,3.5786269,6.439521,-0.013238848,0.31948593,6.12799,-0.0069240876,0.75768346,0.59090537,0.42262477,0.37511015,0.41604903,0.58764035,0.40620565,0.4346579,0.4612217,0.46209368,0.5008132,0.56286675,7tCSIsqgEwzdCqZAw8wjrd
161.4990234375,81,0.38852063,0.08504278,1.5643324,1.8166394,42.975914,40.903534,0.16030975,77.97804,25.981163,0.029004598,-0.7343708,19.150808,0.014601372,13.222436,11.085804,0.0098289745,8.222967,9.934195,0.0067057787,17.028502,8.679719,0.003300912,5.443136,8.023146,0.0020465232,4.125216,6.1988807,0.0041512134,-0.39760265,6.264148,-0.0018552028,7.497963,6.786979,-0.0038886336,5.2619796,7.5670853,-0.003804274,10.798402,7.4952946,0.003631933,4.3066525,8.433177,0.005495625,0.89082646,0.6816901,0.54552484,0.46773112,0.5475604,0.6453525,0.6919672,0.7707434,0.8562659,0.8386303,0.54151356,0.57101977,2Gna1s0f2aYuCZDSw44QYD
161.4990234375,80,0.3100456,0.1658941,1.8047779,2.223617,-78.39488,69.47269,0.251542,84.97502,27.843979,0.007531729,4.2063704,26.692036,-0.044438336,20.735554,19.905539,0.013627161,20.18036,16.099003,-0.008621896,13.460318,12.06277,-0.028087616,5.5961514,11.548549,-0.0140479,11.154901,9.787559,-0.005639999,5.2598534,8.618157,-0.010810604,10.828239,9.0575695,-0.009918602,6.1498923,7.7996297,-0.0016486654,8.825731,9.503906,0.0022149375,2.7264764,6.934261,-0.013260715,0.5690711,0.48663548,0.42916813,0.40731415,0.3784929,0.43013203,0.46427563,0.53670436,0.6167681,0.7266007,0.7139167,0.5592978,20X3JnZ5J6eNGXpypFQNxa
161.4990234375,42,0.44599277,0.21892019,1.6876153,2.5806148,-123.49335,107.61914,0.42480558,113.68781,43.995205,0.069111116,18.064749,22.54725,0.019389793,29.487335,19.721813,0.020791756,13.877503,12.93346,0.013024756,9.381375,15.477295,0.009779106,1.2345222,14.958874,0.0030724572,6.9963174,13.647946,0.013153414,1.5718225,11.800844,0.014872316,7.499773,11.731329,0.024123102,6.8112273,6.4651027,0.0133051565,7.971731,5.420166,0.002399437,3.3034828,6.7491326,-0.0039205877,0.5704358,0.5736295,0.53637457,0.4551881,0.7198898,0.84788275,0.46620873,0.5292781,0.7241245,0.8616651,0.69626546,0.75824964,4zr7hfFkbtPBUc9c1CeJN6
161.4990234375,78,0.26505065,0.12173529,1.4312127,1.145055,-8.634619,71.969734,0.38887382,70.7241,26.841461,-0.052779436,2.9770987,22.141838,-0.04122449,2.6328163,19.410896,-0.024169363,0.10466074,15.371395,-0.012352082,2.383674,15.89937,8.9781206e-05,1.5435946,13.449729,-0.00083488796,-0.39560267,12.273363,0.00038881382,-3.898684,10.771864,-0.0019279508,4.728799,10.747922,0.01808269,-4.3115234,8.837312,0.00454741,4.755109,7.57033,0.004512285,-3.159477,7.356637,0.0025647075,0.5855903,0.57146376,0.5809967,0.6441058,0.7358595,0.5326587,0.46210235,0.51869786,0.6537644,0.7478909,0.73812467,0.76982677,45f8hQO5e28l0KiCfP6OWx
161.4990234375,60,0.22284158,0.06434474,1.5086005,1.4973949,-5.2132306,79.65854,0.44840974,71.313156,24.545237,0.032974713,-7.546528,17.988792,-0.0065746927,10.09443,15.15545,0.01145347,-3.1094933,11.885303,0.0058045588,-3.5798082,15.287901,0.012413999,-0.9829725,14.3678255,0.0146429455,0.6577547,10.054117,0.008566403,-4.0903273,9.359625,-0.009393863,-2.6050322,7.8864284,-0.0006359428,-11.599595,7.1022916,-0.0045696935,-3.3642383,6.7884026,0.0015782511,-8.802835,7.592786,-0.0035145062,0.7910701,0.59712213,0.49143258,0.5736687,0.52524835,0.67278373,0.51727575,0.56732804,0.54019153,0.70988137,0.6608769,0.65372944,74LWuJ28wzfUBCYxRWyd7i
151.99908088235293,61,0.31192124,0.13245901,1.7149934,2.069456,-6.709598,52.976036,0.52397144,77.36136,22.817804,0.08109979,7.569178,17.695574,-0.009285415,5.1909094,10.850749,-0.008538029,5.260656,8.944491,-0.0076843724,10.5741205,10.653315,-0.0028537214,8.196242,8.424215,0.005934855,4.2740836,8.523226,0.0028660453,4.9259715,5.9371543,-0.001345723,11.938959,6.1647863,0.005651697,-3.472737,7.3977585,-0.009568384,1.1533898,6.3723054,-0.0021453458,-2.0059273,5.4010134,-0.006678711,0.39533424,0.38341892,0.5197359,0.5805854,0.89143246,0.49281806,0.4169637,0.56403947,0.58609545,0.551048,0.42635664,0.51726806,42dBUwO0gBAgMtsjdAPMl8
151.99908088235293,74,0.52139014,0.10945427,2.2547166,2.9311922,-47.04029,72.37382,-0.041595317,65.013855,39.92046,-0.02258182,24.898514,22.872364,0.037225366,36.7726,11.198561,-0.008452508,21.961246,12.055896,0.010982527,27.937452,12.920098,0.021944426,18.422243,8.573023,0.006237842,17.987541,8.745261,0.020417914,9.884389,7.433976,0.011755633,14.985028,5.7193403,0.0015938493,5.0409455,5.356108,0.012073913,8.279834,4.602796,0.00832153,2.5692413,5.6398463,0.016532738,0.5859046,0.4005443,0.5644928,0.5742054,0.5519909,0.42276984,0.61818415,0.55960464,0.618201,0.6019361,0.9905252,0.7541464,05xZ98wGwpDo4ZQevHJiHQ
151.99908088235293,65,0.34970716,0.15887022,2.0900602,3.115054,-93.39537,97.41038,0.35375628,91.15082,73.170135,0.04439911,4.6054206,27.15017,0.016884174,34.26083,14.204843,0.027870467,18.790466,12.927925,0.01921194,22.377386,13.45426,0.015511597,15.689391,10.285672,-0.0070699835,13.2466545,8.409413,0.006066051,7.0685134,7.443284,0.0028415397,12.782855,6.883849,0.0034301067,3.3721483,5.563567,0.011063944,7.275618,5.6205645,0.017663002,1.8459809,4.590801,0.0055353795,0.5960268,0.38978815,0.5672189,0.50059956,0.52867657,0.4299032,0.59225845,0.5503867,0.5618412,0.52604717,0.972719,0.5881194,3AF3nGA0feGjLByXNvvSKJ
151.99908088235293,69,0.21448989,0.13260074,1.3712316,1.5883968,-25.563108,76.35412,0.18788837,66.21385,30.545454,0.0012145825,-12.364572,23.285688,-0.006793353,17.454454,18.258326,0.0014695708,-4.5107408,12.997608,-0.01768643,2.133631,14.420746,-0.019803513,2.0414944,12.109601,-0.010452931,-1.1760195,11.958387,-0.010777027,3.8934095,10.681711,-0.007979295,6.0670176,10.250832,-0.0051063797,-0.6651416,8.037582,-0.00756608,1.7389501,7.650048,-0.015003455,-4.136356,7.1809726,-0.013690843,0.4688727,0.37513116,0.31025827,0.35679695,0.4386634,0.9120337,0.5826495,0.4022768,0.38119236,0.33984268,0.35456237,0.3148652,3Bi2SYUeN1CRZBvu8ocKND
161.4990234375,80,0.26554927,0.10698804,1.2651109,1.1063912,11.661583,54.123943,0.09597788,77.642876,27.45582,-0.04761153,-32.915203,44.99244,0.010050506,24.74042,11.380196,0.0016225957,-5.708073,20.207197,0.002814662,-1.6108327,11.398946,0.011690464,-10.872932,9.211041,0.014268045,4.629853,7.9244447,0.0022939795,0.014159117,7.47166,-0.0020854531,5.0161943,7.9822426,-0.00066868734,0.9817469,7.546643,0.004268543,7.149701,6.1595325,0.007049547,3.584352,6.6351333,0.0031630949,0.58069485,0.77740806,0.63421094,0.64622146,0.5852027,0.57803833,0.5925399,0.52485937,0.57482845,0.5294577,0.4991125,0.4035686,1q9Ds8nsZqNYUAzlsNo7t2
151.99908088235293,56,0.37366992,0.12244211,1.9570649,2.7229068,-47.350567,92.12414,0.4161189,60.019917,30.185177,0.040897533,29.773045,31.369486,0.0063155205,25.006428,16.93019,0.01789206,13.7012,14.801267,0.00854003,17.03704,12.366359,0.012568955,6.298001,9.653419,0.0035614127,6.887139,9.252162,0.0075177746,2.9158864,10.531238,0.0029435991,11.255347,9.255737,0.007837884,6.69412,6.8274193,-0.0035291212,7.672433,6.2558966,0.009929947,-0.76381636,7.384845,0.00074864505,0.3737107,0.44603047,0.45376337,0.40522903,0.45648655,0.58442175,0.519624,0.58815217,0.5643675,0.8056444,0.8192349,0.8288695,7ljQIZUFYvlqG6TDclQDXZ
95.703125,48,0.2914438,0.08854944,1.3435174,1.1629634,15.962495,27.848707,0.04479903,42.994858,18.255047,-0.009910578,-7.383581,11.556424,-0.008786142,26.951963,11.753815,0.006228678,7.525891,7.7706947,0.009385483,24.43752,6.2531285,0.012799907,3.2798276,7.374767,0.014400129,9.488827,5.438285,0.010035167,1.9052722,5.4196086,0.0063277488,10.866395,5.356788,0.004726933,-1.0393596,5.679616,0.010139602,4.579851,5.6594543,0.013820134,1.5267987,6.131965,0.020636825,0.5484035,0.36613986,0.40996662,0.368649,0.4406608,0.47773945,0.4744754,0.5665733,0.8134621,0.6813306,0.94857436,0.6017298,6C3vS3o69ZX3JvX0onzFkT
